00000, ILSVRC2012_val_00007197.JPEG
00001, ILSVRC2012_val_00018075.JPEG
00002, ILSVRC2012_val_00023185.JPEG
00003, ILSVRC2012_val_00040388.JPEG
00004, ILSVRC2012_val_00023074.JPEG
00005, ILSVRC2012_val_00019988.JPEG
00006, ILSVRC2012_val_00001935.JPEG
00007, ILSVRC2012_val_00036368.JPEG
00008, ILSVRC2012_val_00039067.JPEG
00009, ILSVRC2012_val_00024268.JPEG
00010, ILSVRC2012_val_00045172.JPEG
00011, ILSVRC2012_val_00015903.JPEG
00012, ILSVRC2012_val_00010310.JPEG
00013, ILSVRC2012_val_00045480.JPEG
00014, ILSVRC2012_val_00003557.JPEG
00015, ILSVRC2012_val_00010767.JPEG
00016, ILSVRC2012_val_00048178.JPEG
00017, ILSVRC2012_val_00033515.JPEG
00018, ILSVRC2012_val_00021956.JPEG
00019, ILSVRC2012_val_00035303.JPEG
00020, ILSVRC2012_val_00008495.JPEG
00021, ILSVRC2012_val_00046948.JPEG
00022, ILSVRC2012_val_00039605.JPEG
00023, ILSVRC2012_val_00027870.JPEG
00024, ILSVRC2012_val_00049990.JPEG
00025, ILSVRC2012_val_00033575.JPEG
00026, ILSVRC2012_val_00026773.JPEG
00027, ILSVRC2012_val_00016818.JPEG
00028, ILSVRC2012_val_00021024.JPEG
00029, ILSVRC2012_val_00031235.JPEG
00030, ILSVRC2012_val_00019578.JPEG
00031, ILSVRC2012_val_00003846.JPEG
00032, ILSVRC2012_val_00021211.JPEG
00033, ILSVRC2012_val_00024221.JPEG
00034, ILSVRC2012_val_00048011.JPEG
00035, ILSVRC2012_val_00022329.JPEG
00036, ILSVRC2012_val_00040314.JPEG
00037, ILSVRC2012_val_00017222.JPEG
00038, ILSVRC2012_val_00008509.JPEG
00039, ILSVRC2012_val_00014317.JPEG
00040, ILSVRC2012_val_00049116.JPEG
00041, ILSVRC2012_val_00006764.JPEG
00042, ILSVRC2012_val_00040115.JPEG
00043, ILSVRC2012_val_00003124.JPEG
00044, ILSVRC2012_val_00019170.JPEG
00045, ILSVRC2012_val_00018179.JPEG
00046, ILSVRC2012_val_00039203.JPEG
00047, ILSVRC2012_val_00021092.JPEG
00048, ILSVRC2012_val_00042124.JPEG
00049, ILSVRC2012_val_00023759.JPEG
00050, ILSVRC2012_val_00046615.JPEG
00051, ILSVRC2012_val_00046649.JPEG
00052, ILSVRC2012_val_00008654.JPEG
00053, ILSVRC2012_val_00013215.JPEG
00054, ILSVRC2012_val_00041293.JPEG
00055, ILSVRC2012_val_00021750.JPEG
00056, ILSVRC2012_val_00027897.JPEG
00057, ILSVRC2012_val_00044086.JPEG
00058, ILSVRC2012_val_00003268.JPEG
00059, ILSVRC2012_val_00011037.JPEG
00060, ILSVRC2012_val_00025544.JPEG
00061, ILSVRC2012_val_00018456.JPEG
00062, ILSVRC2012_val_00049162.JPEG
00063, ILSVRC2012_val_00013725.JPEG
00064, ILSVRC2012_val_00046039.JPEG
00065, ILSVRC2012_val_00033242.JPEG
00066, ILSVRC2012_val_00017531.JPEG
00067, ILSVRC2012_val_00048750.JPEG
00068, ILSVRC2012_val_00020632.JPEG
00069, ILSVRC2012_val_00029487.JPEG
00070, ILSVRC2012_val_00008919.JPEG
00071, ILSVRC2012_val_00012429.JPEG
00072, ILSVRC2012_val_00002041.JPEG
00073, ILSVRC2012_val_00019989.JPEG
00074, ILSVRC2012_val_00039370.JPEG
00075, ILSVRC2012_val_00022508.JPEG
00076, ILSVRC2012_val_00006549.JPEG
00077, ILSVRC2012_val_00042578.JPEG
00078, ILSVRC2012_val_00037297.JPEG
00079, ILSVRC2012_val_00023476.JPEG
00080, ILSVRC2012_val_00028545.JPEG
00081, ILSVRC2012_val_00028167.JPEG
00082, ILSVRC2012_val_00033503.JPEG
00083, ILSVRC2012_val_00006469.JPEG
00084, ILSVRC2012_val_00037892.JPEG
00085, ILSVRC2012_val_00036874.JPEG
00086, ILSVRC2012_val_00011399.JPEG
00087, ILSVRC2012_val_00036287.JPEG
00088, ILSVRC2012_val_00036744.JPEG
00089, ILSVRC2012_val_00002467.JPEG
00090, ILSVRC2012_val_00043415.JPEG
00091, ILSVRC2012_val_00044108.JPEG
00092, ILSVRC2012_val_00026420.JPEG
00093, ILSVRC2012_val_00008626.JPEG
00094, ILSVRC2012_val_00048749.JPEG
00095, ILSVRC2012_val_00033281.JPEG
00096, ILSVRC2012_val_00019884.JPEG
00097, ILSVRC2012_val_00040897.JPEG
00098, ILSVRC2012_val_00037710.JPEG
00099, ILSVRC2012_val_00033257.JPEG
00100, ILSVRC2012_val_00013564.JPEG
00101, ILSVRC2012_val_00012976.JPEG
00102, ILSVRC2012_val_00049107.JPEG
00103, ILSVRC2012_val_00042448.JPEG
00104, ILSVRC2012_val_00022693.JPEG
00105, ILSVRC2012_val_00018026.JPEG
00106, ILSVRC2012_val_00033576.JPEG
00107, ILSVRC2012_val_00003419.JPEG
00108, ILSVRC2012_val_00032313.JPEG
00109, ILSVRC2012_val_00049157.JPEG
00110, ILSVRC2012_val_00042155.JPEG
00111, ILSVRC2012_val_00047978.JPEG
00112, ILSVRC2012_val_00012788.JPEG
00113, ILSVRC2012_val_00012418.JPEG
00114, ILSVRC2012_val_00004691.JPEG
00115, ILSVRC2012_val_00022321.JPEG
00116, ILSVRC2012_val_00000703.JPEG
00117, ILSVRC2012_val_00037579.JPEG
00118, ILSVRC2012_val_00040789.JPEG
00119, ILSVRC2012_val_00020816.JPEG
00120, ILSVRC2012_val_00010412.JPEG
00121, ILSVRC2012_val_00014715.JPEG
00122, ILSVRC2012_val_00000111.JPEG
00123, ILSVRC2012_val_00014753.JPEG
00124, ILSVRC2012_val_00022260.JPEG
00125, ILSVRC2012_val_00014751.JPEG
00126, ILSVRC2012_val_00034806.JPEG
00127, ILSVRC2012_val_00048606.JPEG
00128, ILSVRC2012_val_00001387.JPEG
00129, ILSVRC2012_val_00037552.JPEG
00130, ILSVRC2012_val_00036500.JPEG
00131, ILSVRC2012_val_00026416.JPEG
00132, ILSVRC2012_val_00020875.JPEG
00133, ILSVRC2012_val_00006339.JPEG
00134, ILSVRC2012_val_00006050.JPEG
00135, ILSVRC2012_val_00021124.JPEG
00136, ILSVRC2012_val_00030662.JPEG
00137, ILSVRC2012_val_00021339.JPEG
00138, ILSVRC2012_val_00038069.JPEG
00139, ILSVRC2012_val_00010988.JPEG
00140, ILSVRC2012_val_00009198.JPEG
00141, ILSVRC2012_val_00006580.JPEG
00142, ILSVRC2012_val_00020804.JPEG
00143, ILSVRC2012_val_00011052.JPEG
00144, ILSVRC2012_val_00018800.JPEG
00145, ILSVRC2012_val_00017789.JPEG
00146, ILSVRC2012_val_00022688.JPEG
00147, ILSVRC2012_val_00028770.JPEG
00148, ILSVRC2012_val_00003275.JPEG
00149, ILSVRC2012_val_00024932.JPEG
00150, ILSVRC2012_val_00032540.JPEG
00151, ILSVRC2012_val_00038157.JPEG
00152, ILSVRC2012_val_00009247.JPEG
00153, ILSVRC2012_val_00016841.JPEG
00154, ILSVRC2012_val_00045155.JPEG
00155, ILSVRC2012_val_00004359.JPEG
00156, ILSVRC2012_val_00020031.JPEG
00157, ILSVRC2012_val_00018573.JPEG
00158, ILSVRC2012_val_00024053.JPEG
00159, ILSVRC2012_val_00027669.JPEG
00160, ILSVRC2012_val_00042972.JPEG
00161, ILSVRC2012_val_00003922.JPEG
00162, ILSVRC2012_val_00023357.JPEG
00163, ILSVRC2012_val_00039540.JPEG
00164, ILSVRC2012_val_00011878.JPEG
00165, ILSVRC2012_val_00029973.JPEG
00166, ILSVRC2012_val_00042394.JPEG
00167, ILSVRC2012_val_00043391.JPEG
00168, ILSVRC2012_val_00020739.JPEG
00169, ILSVRC2012_val_00033651.JPEG
00170, ILSVRC2012_val_00006627.JPEG
00171, ILSVRC2012_val_00034184.JPEG
00172, ILSVRC2012_val_00023285.JPEG
00173, ILSVRC2012_val_00017684.JPEG
00174, ILSVRC2012_val_00010665.JPEG
00175, ILSVRC2012_val_00007446.JPEG
00176, ILSVRC2012_val_00000300.JPEG
00177, ILSVRC2012_val_00024335.JPEG
00178, ILSVRC2012_val_00040809.JPEG
00179, ILSVRC2012_val_00027428.JPEG
00180, ILSVRC2012_val_00008303.JPEG
00181, ILSVRC2012_val_00004060.JPEG
00182, ILSVRC2012_val_00020865.JPEG
00183, ILSVRC2012_val_00020700.JPEG
00184, ILSVRC2012_val_00015923.JPEG
00185, ILSVRC2012_val_00033965.JPEG
00186, ILSVRC2012_val_00045518.JPEG
00187, ILSVRC2012_val_00010584.JPEG
00188, ILSVRC2012_val_00023303.JPEG
00189, ILSVRC2012_val_00037393.JPEG
00190, ILSVRC2012_val_00002176.JPEG
00191, ILSVRC2012_val_00010070.JPEG
00192, ILSVRC2012_val_00042833.JPEG
00193, ILSVRC2012_val_00013756.JPEG
00194, ILSVRC2012_val_00046705.JPEG
00195, ILSVRC2012_val_00033295.JPEG
00196, ILSVRC2012_val_00023774.JPEG
00197, ILSVRC2012_val_00032524.JPEG
00198, ILSVRC2012_val_00006178.JPEG
00199, ILSVRC2012_val_00013424.JPEG
00200, ILSVRC2012_val_00044819.JPEG
00201, ILSVRC2012_val_00024329.JPEG
00202, ILSVRC2012_val_00007366.JPEG
00203, ILSVRC2012_val_00039699.JPEG
00204, ILSVRC2012_val_00003377.JPEG
00205, ILSVRC2012_val_00036887.JPEG
00206, ILSVRC2012_val_00012952.JPEG
00207, ILSVRC2012_val_00029751.JPEG
00208, ILSVRC2012_val_00033820.JPEG
00209, ILSVRC2012_val_00002559.JPEG
00210, ILSVRC2012_val_00017036.JPEG
00211, ILSVRC2012_val_00041393.JPEG
00212, ILSVRC2012_val_00016108.JPEG
00213, ILSVRC2012_val_00008282.JPEG
00214, ILSVRC2012_val_00024179.JPEG
00215, ILSVRC2012_val_00027846.JPEG
00216, ILSVRC2012_val_00021360.JPEG
00217, ILSVRC2012_val_00004553.JPEG
00218, ILSVRC2012_val_00025704.JPEG
00219, ILSVRC2012_val_00008119.JPEG
00220, ILSVRC2012_val_00025181.JPEG
00221, ILSVRC2012_val_00042627.JPEG
00222, ILSVRC2012_val_00024363.JPEG
00223, ILSVRC2012_val_00029036.JPEG
00224, ILSVRC2012_val_00037580.JPEG
00225, ILSVRC2012_val_00013763.JPEG
00226, ILSVRC2012_val_00048530.JPEG
00227, ILSVRC2012_val_00007762.JPEG
00228, ILSVRC2012_val_00032738.JPEG
00229, ILSVRC2012_val_00017560.JPEG
00230, ILSVRC2012_val_00048859.JPEG
00231, ILSVRC2012_val_00046974.JPEG
00232, ILSVRC2012_val_00003303.JPEG
00233, ILSVRC2012_val_00000847.JPEG
00234, ILSVRC2012_val_00014320.JPEG
00235, ILSVRC2012_val_00032995.JPEG
00236, ILSVRC2012_val_00016401.JPEG
00237, ILSVRC2012_val_00007539.JPEG
00238, ILSVRC2012_val_00049498.JPEG
00239, ILSVRC2012_val_00035665.JPEG
00240, ILSVRC2012_val_00040952.JPEG
00241, ILSVRC2012_val_00042390.JPEG
00242, ILSVRC2012_val_00046048.JPEG
00243, ILSVRC2012_val_00035569.JPEG
00244, ILSVRC2012_val_00039687.JPEG
00245, ILSVRC2012_val_00049730.JPEG
00246, ILSVRC2012_val_00042206.JPEG
00247, ILSVRC2012_val_00033703.JPEG
00248, ILSVRC2012_val_00010011.JPEG
00249, ILSVRC2012_val_00014398.JPEG
00250, ILSVRC2012_val_00023437.JPEG
00251, ILSVRC2012_val_00025903.JPEG
00252, ILSVRC2012_val_00003851.JPEG
00253, ILSVRC2012_val_00030364.JPEG
00254, ILSVRC2012_val_00030603.JPEG
00255, ILSVRC2012_val_00002635.JPEG
00256, ILSVRC2012_val_00014151.JPEG
00257, ILSVRC2012_val_00029490.JPEG
00258, ILSVRC2012_val_00023884.JPEG
00259, ILSVRC2012_val_00038989.JPEG
00260, ILSVRC2012_val_00033250.JPEG
00261, ILSVRC2012_val_00047918.JPEG
00262, ILSVRC2012_val_00029157.JPEG
00263, ILSVRC2012_val_00045593.JPEG
00264, ILSVRC2012_val_00027124.JPEG
00265, ILSVRC2012_val_00036458.JPEG
00266, ILSVRC2012_val_00047119.JPEG
00267, ILSVRC2012_val_00018934.JPEG
00268, ILSVRC2012_val_00014928.JPEG
00269, ILSVRC2012_val_00011188.JPEG
00270, ILSVRC2012_val_00002948.JPEG
00271, ILSVRC2012_val_00046849.JPEG
00272, ILSVRC2012_val_00045318.JPEG
00273, ILSVRC2012_val_00030055.JPEG
00274, ILSVRC2012_val_00004746.JPEG
00275, ILSVRC2012_val_00037949.JPEG
00276, ILSVRC2012_val_00048181.JPEG
00277, ILSVRC2012_val_00025207.JPEG
00278, ILSVRC2012_val_00046145.JPEG
00279, ILSVRC2012_val_00033625.JPEG
00280, ILSVRC2012_val_00011811.JPEG
00281, ILSVRC2012_val_00010711.JPEG
00282, ILSVRC2012_val_00047925.JPEG
00283, ILSVRC2012_val_00024500.JPEG
00284, ILSVRC2012_val_00036290.JPEG
00285, ILSVRC2012_val_00023871.JPEG
00286, ILSVRC2012_val_00011732.JPEG
00287, ILSVRC2012_val_00030530.JPEG
00288, ILSVRC2012_val_00013002.JPEG
00289, ILSVRC2012_val_00032712.JPEG
00290, ILSVRC2012_val_00048716.JPEG
00291, ILSVRC2012_val_00040607.JPEG
00292, ILSVRC2012_val_00018437.JPEG
00293, ILSVRC2012_val_00041645.JPEG
00294, ILSVRC2012_val_00011967.JPEG
00295, ILSVRC2012_val_00016621.JPEG
00296, ILSVRC2012_val_00019930.JPEG
00297, ILSVRC2012_val_00014529.JPEG
00298, ILSVRC2012_val_00016810.JPEG
00299, ILSVRC2012_val_00033142.JPEG
00300, ILSVRC2012_val_00040348.JPEG
00301, ILSVRC2012_val_00027954.JPEG
00302, ILSVRC2012_val_00005891.JPEG
00303, ILSVRC2012_val_00017552.JPEG
00304, ILSVRC2012_val_00031036.JPEG
00305, ILSVRC2012_val_00010678.JPEG
00306, ILSVRC2012_val_00048326.JPEG
00307, ILSVRC2012_val_00013078.JPEG
00308, ILSVRC2012_val_00039130.JPEG
00309, ILSVRC2012_val_00032624.JPEG
00310, ILSVRC2012_val_00011617.JPEG
00311, ILSVRC2012_val_00046054.JPEG
00312, ILSVRC2012_val_00018365.JPEG
00313, ILSVRC2012_val_00014572.JPEG
00314, ILSVRC2012_val_00020454.JPEG
00315, ILSVRC2012_val_00023230.JPEG
00316, ILSVRC2012_val_00018161.JPEG
00317, ILSVRC2012_val_00035295.JPEG
00318, ILSVRC2012_val_00048423.JPEG
00319, ILSVRC2012_val_00017556.JPEG
00320, ILSVRC2012_val_00014038.JPEG
00321, ILSVRC2012_val_00047722.JPEG
00322, ILSVRC2012_val_00048001.JPEG
00323, ILSVRC2012_val_00019869.JPEG
00324, ILSVRC2012_val_00034175.JPEG
00325, ILSVRC2012_val_00013558.JPEG
00326, ILSVRC2012_val_00010102.JPEG
00327, ILSVRC2012_val_00027930.JPEG
00328, ILSVRC2012_val_00048422.JPEG
00329, ILSVRC2012_val_00021501.JPEG
00330, ILSVRC2012_val_00040884.JPEG
00331, ILSVRC2012_val_00033347.JPEG
00332, ILSVRC2012_val_00029767.JPEG
00333, ILSVRC2012_val_00042043.JPEG
00334, ILSVRC2012_val_00038065.JPEG
00335, ILSVRC2012_val_00035136.JPEG
00336, ILSVRC2012_val_00009972.JPEG
00337, ILSVRC2012_val_00003292.JPEG
00338, ILSVRC2012_val_00003035.JPEG
00339, ILSVRC2012_val_00029082.JPEG
00340, ILSVRC2012_val_00005604.JPEG
00341, ILSVRC2012_val_00031236.JPEG
00342, ILSVRC2012_val_00045758.JPEG
00343, ILSVRC2012_val_00011043.JPEG
00344, ILSVRC2012_val_00016426.JPEG
00345, ILSVRC2012_val_00026120.JPEG
00346, ILSVRC2012_val_00042208.JPEG
00347, ILSVRC2012_val_00014395.JPEG
00348, ILSVRC2012_val_00023655.JPEG
00349, ILSVRC2012_val_00032956.JPEG
00350, ILSVRC2012_val_00041622.JPEG
00351, ILSVRC2012_val_00021796.JPEG
00352, ILSVRC2012_val_00037295.JPEG
00353, ILSVRC2012_val_00020949.JPEG
00354, ILSVRC2012_val_00016586.JPEG
00355, ILSVRC2012_val_00018496.JPEG
00356, ILSVRC2012_val_00038150.JPEG
00357, ILSVRC2012_val_00029734.JPEG
00358, ILSVRC2012_val_00031370.JPEG
00359, ILSVRC2012_val_00033362.JPEG
00360, ILSVRC2012_val_00030612.JPEG
00361, ILSVRC2012_val_00036461.JPEG
00362, ILSVRC2012_val_00013425.JPEG
00363, ILSVRC2012_val_00040090.JPEG
00364, ILSVRC2012_val_00040703.JPEG
00365, ILSVRC2012_val_00001535.JPEG
00366, ILSVRC2012_val_00005565.JPEG
00367, ILSVRC2012_val_00046703.JPEG
00368, ILSVRC2012_val_00018962.JPEG
00369, ILSVRC2012_val_00048035.JPEG
00370, ILSVRC2012_val_00006791.JPEG
00371, ILSVRC2012_val_00035879.JPEG
00372, ILSVRC2012_val_00039253.JPEG
00373, ILSVRC2012_val_00014402.JPEG
00374, ILSVRC2012_val_00003187.JPEG
00375, ILSVRC2012_val_00009645.JPEG
00376, ILSVRC2012_val_00023802.JPEG
00377, ILSVRC2012_val_00002936.JPEG
00378, ILSVRC2012_val_00004458.JPEG
00379, ILSVRC2012_val_00034985.JPEG
00380, ILSVRC2012_val_00036851.JPEG
00381, ILSVRC2012_val_00013420.JPEG
00382, ILSVRC2012_val_00030667.JPEG
00383, ILSVRC2012_val_00044050.JPEG
00384, ILSVRC2012_val_00016556.JPEG
00385, ILSVRC2012_val_00017867.JPEG
00386, ILSVRC2012_val_00034562.JPEG
00387, ILSVRC2012_val_00014423.JPEG
00388, ILSVRC2012_val_00006543.JPEG
00389, ILSVRC2012_val_00034312.JPEG
00390, ILSVRC2012_val_00011544.JPEG
00391, ILSVRC2012_val_00011228.JPEG
00392, ILSVRC2012_val_00025871.JPEG
00393, ILSVRC2012_val_00006366.JPEG
00394, ILSVRC2012_val_00032979.JPEG
00395, ILSVRC2012_val_00021699.JPEG
00396, ILSVRC2012_val_00007738.JPEG
00397, ILSVRC2012_val_00025174.JPEG
00398, ILSVRC2012_val_00006038.JPEG
00399, ILSVRC2012_val_00025346.JPEG
00400, ILSVRC2012_val_00003289.JPEG
00401, ILSVRC2012_val_00042605.JPEG
00402, ILSVRC2012_val_00021282.JPEG
00403, ILSVRC2012_val_00009104.JPEG
00404, ILSVRC2012_val_00034342.JPEG
00405, ILSVRC2012_val_00018959.JPEG
00406, ILSVRC2012_val_00011526.JPEG
00407, ILSVRC2012_val_00029222.JPEG
00408, ILSVRC2012_val_00015507.JPEG
00409, ILSVRC2012_val_00044752.JPEG
00410, ILSVRC2012_val_00011679.JPEG
00411, ILSVRC2012_val_00025021.JPEG
00412, ILSVRC2012_val_00007233.JPEG
00413, ILSVRC2012_val_00038946.JPEG
00414, ILSVRC2012_val_00042327.JPEG
00415, ILSVRC2012_val_00008524.JPEG
00416, ILSVRC2012_val_00046766.JPEG
00417, ILSVRC2012_val_00005977.JPEG
00418, ILSVRC2012_val_00019443.JPEG
00419, ILSVRC2012_val_00019400.JPEG
00420, ILSVRC2012_val_00011139.JPEG
00421, ILSVRC2012_val_00015834.JPEG
00422, ILSVRC2012_val_00036827.JPEG
00423, ILSVRC2012_val_00021359.JPEG
00424, ILSVRC2012_val_00047212.JPEG
00425, ILSVRC2012_val_00017403.JPEG
00426, ILSVRC2012_val_00009861.JPEG
00427, ILSVRC2012_val_00013778.JPEG
00428, ILSVRC2012_val_00038103.JPEG
00429, ILSVRC2012_val_00046471.JPEG
00430, ILSVRC2012_val_00031833.JPEG
00431, ILSVRC2012_val_00027152.JPEG
00432, ILSVRC2012_val_00005955.JPEG
00433, ILSVRC2012_val_00048150.JPEG
00434, ILSVRC2012_val_00039827.JPEG
00435, ILSVRC2012_val_00003072.JPEG
00436, ILSVRC2012_val_00042416.JPEG
00437, ILSVRC2012_val_00035796.JPEG
00438, ILSVRC2012_val_00043930.JPEG
00439, ILSVRC2012_val_00029701.JPEG
00440, ILSVRC2012_val_00022783.JPEG
00441, ILSVRC2012_val_00006552.JPEG
00442, ILSVRC2012_val_00016714.JPEG
00443, ILSVRC2012_val_00012192.JPEG
00444, ILSVRC2012_val_00048885.JPEG
00445, ILSVRC2012_val_00020187.JPEG
00446, ILSVRC2012_val_00034050.JPEG
00447, ILSVRC2012_val_00017808.JPEG
00448, ILSVRC2012_val_00041742.JPEG
00449, ILSVRC2012_val_00007424.JPEG
00450, ILSVRC2012_val_00019538.JPEG
00451, ILSVRC2012_val_00048004.JPEG
00452, ILSVRC2012_val_00035326.JPEG
00453, ILSVRC2012_val_00003274.JPEG
00454, ILSVRC2012_val_00000879.JPEG
00455, ILSVRC2012_val_00036809.JPEG
00456, ILSVRC2012_val_00047446.JPEG
00457, ILSVRC2012_val_00043821.JPEG
00458, ILSVRC2012_val_00045428.JPEG
00459, ILSVRC2012_val_00032597.JPEG
00460, ILSVRC2012_val_00020306.JPEG
00461, ILSVRC2012_val_00019421.JPEG
00462, ILSVRC2012_val_00045199.JPEG
00463, ILSVRC2012_val_00042290.JPEG
00464, ILSVRC2012_val_00035865.JPEG
00465, ILSVRC2012_val_00047632.JPEG
00466, ILSVRC2012_val_00025128.JPEG
00467, ILSVRC2012_val_00023166.JPEG
00468, ILSVRC2012_val_00048951.JPEG
00469, ILSVRC2012_val_00017286.JPEG
00470, ILSVRC2012_val_00022603.JPEG
00471, ILSVRC2012_val_00008964.JPEG
00472, ILSVRC2012_val_00011563.JPEG
00473, ILSVRC2012_val_00024763.JPEG
00474, ILSVRC2012_val_00030024.JPEG
00475, ILSVRC2012_val_00038000.JPEG
00476, ILSVRC2012_val_00020337.JPEG
00477, ILSVRC2012_val_00001202.JPEG
00478, ILSVRC2012_val_00013098.JPEG
00479, ILSVRC2012_val_00049867.JPEG
00480, ILSVRC2012_val_00019355.JPEG
00481, ILSVRC2012_val_00001220.JPEG
00482, ILSVRC2012_val_00035803.JPEG
00483, ILSVRC2012_val_00045955.JPEG
00484, ILSVRC2012_val_00015708.JPEG
00485, ILSVRC2012_val_00034496.JPEG
00486, ILSVRC2012_val_00027458.JPEG
00487, ILSVRC2012_val_00033180.JPEG
00488, ILSVRC2012_val_00017637.JPEG
00489, ILSVRC2012_val_00047785.JPEG
00490, ILSVRC2012_val_00002280.JPEG
00491, ILSVRC2012_val_00048919.JPEG
00492, ILSVRC2012_val_00003062.JPEG
00493, ILSVRC2012_val_00007893.JPEG
00494, ILSVRC2012_val_00031533.JPEG
00495, ILSVRC2012_val_00020100.JPEG
00496, ILSVRC2012_val_00043360.JPEG
00497, ILSVRC2012_val_00004939.JPEG
00498, ILSVRC2012_val_00034810.JPEG
00499, ILSVRC2012_val_00002212.JPEG
00500, ILSVRC2012_val_00015479.JPEG
00501, ILSVRC2012_val_00041131.JPEG
00502, ILSVRC2012_val_00008871.JPEG
00503, ILSVRC2012_val_00004420.JPEG
00504, ILSVRC2012_val_00037302.JPEG
00505, ILSVRC2012_val_00012391.JPEG
00506, ILSVRC2012_val_00029746.JPEG
00507, ILSVRC2012_val_00022192.JPEG
00508, ILSVRC2012_val_00045039.JPEG
00509, ILSVRC2012_val_00026113.JPEG
00510, ILSVRC2012_val_00027211.JPEG
00511, ILSVRC2012_val_00020524.JPEG
00512, ILSVRC2012_val_00049188.JPEG
00513, ILSVRC2012_val_00002547.JPEG
00514, ILSVRC2012_val_00022123.JPEG
00515, ILSVRC2012_val_00032152.JPEG
00516, ILSVRC2012_val_00004667.JPEG
00517, ILSVRC2012_val_00038038.JPEG
00518, ILSVRC2012_val_00001689.JPEG
00519, ILSVRC2012_val_00003971.JPEG
00520, ILSVRC2012_val_00015227.JPEG
00521, ILSVRC2012_val_00012686.JPEG
00522, ILSVRC2012_val_00017462.JPEG
00523, ILSVRC2012_val_00040888.JPEG
00524, ILSVRC2012_val_00008790.JPEG
00525, ILSVRC2012_val_00031337.JPEG
00526, ILSVRC2012_val_00044861.JPEG
00527, ILSVRC2012_val_00032155.JPEG
00528, ILSVRC2012_val_00011934.JPEG
00529, ILSVRC2012_val_00000493.JPEG
00530, ILSVRC2012_val_00028203.JPEG
00531, ILSVRC2012_val_00034569.JPEG
00532, ILSVRC2012_val_00044668.JPEG
00533, ILSVRC2012_val_00020166.JPEG
00534, ILSVRC2012_val_00034409.JPEG
00535, ILSVRC2012_val_00018191.JPEG
00536, ILSVRC2012_val_00030985.JPEG
00537, ILSVRC2012_val_00020384.JPEG
00538, ILSVRC2012_val_00025220.JPEG
00539, ILSVRC2012_val_00035316.JPEG
00540, ILSVRC2012_val_00005973.JPEG
00541, ILSVRC2012_val_00015169.JPEG
00542, ILSVRC2012_val_00044401.JPEG
00543, ILSVRC2012_val_00030287.JPEG
00544, ILSVRC2012_val_00042985.JPEG
00545, ILSVRC2012_val_00049117.JPEG
00546, ILSVRC2012_val_00000467.JPEG
00547, ILSVRC2012_val_00023549.JPEG
00548, ILSVRC2012_val_00003906.JPEG
00549, ILSVRC2012_val_00021245.JPEG
00550, ILSVRC2012_val_00011147.JPEG
00551, ILSVRC2012_val_00035194.JPEG
00552, ILSVRC2012_val_00004588.JPEG
00553, ILSVRC2012_val_00016690.JPEG
00554, ILSVRC2012_val_00001859.JPEG
00555, ILSVRC2012_val_00003050.JPEG
00556, ILSVRC2012_val_00046746.JPEG
00557, ILSVRC2012_val_00016874.JPEG
00558, ILSVRC2012_val_00013749.JPEG
00559, ILSVRC2012_val_00035229.JPEG
00560, ILSVRC2012_val_00020866.JPEG
00561, ILSVRC2012_val_00045842.JPEG
00562, ILSVRC2012_val_00040490.JPEG
00563, ILSVRC2012_val_00044261.JPEG
00564, ILSVRC2012_val_00041363.JPEG
00565, ILSVRC2012_val_00002009.JPEG
00566, ILSVRC2012_val_00022754.JPEG
00567, ILSVRC2012_val_00047824.JPEG
00568, ILSVRC2012_val_00042396.JPEG
00569, ILSVRC2012_val_00034001.JPEG
00570, ILSVRC2012_val_00007659.JPEG
00571, ILSVRC2012_val_00035913.JPEG
00572, ILSVRC2012_val_00020735.JPEG
00573, ILSVRC2012_val_00018136.JPEG
00574, ILSVRC2012_val_00035519.JPEG
00575, ILSVRC2012_val_00027473.JPEG
00576, ILSVRC2012_val_00045286.JPEG
00577, ILSVRC2012_val_00030989.JPEG
00578, ILSVRC2012_val_00007280.JPEG
00579, ILSVRC2012_val_00018721.JPEG
00580, ILSVRC2012_val_00035352.JPEG
00581, ILSVRC2012_val_00023023.JPEG
00582, ILSVRC2012_val_00044020.JPEG
00583, ILSVRC2012_val_00049971.JPEG
00584, ILSVRC2012_val_00012815.JPEG
00585, ILSVRC2012_val_00044434.JPEG
00586, ILSVRC2012_val_00026532.JPEG
00587, ILSVRC2012_val_00026527.JPEG
00588, ILSVRC2012_val_00035224.JPEG
00589, ILSVRC2012_val_00005824.JPEG
00590, ILSVRC2012_val_00022639.JPEG
00591, ILSVRC2012_val_00010515.JPEG
00592, ILSVRC2012_val_00022187.JPEG
00593, ILSVRC2012_val_00040271.JPEG
00594, ILSVRC2012_val_00043409.JPEG
00595, ILSVRC2012_val_00003459.JPEG
00596, ILSVRC2012_val_00002588.JPEG
00597, ILSVRC2012_val_00045052.JPEG
00598, ILSVRC2012_val_00017088.JPEG
00599, ILSVRC2012_val_00004072.JPEG
00600, ILSVRC2012_val_00018267.JPEG
00601, ILSVRC2012_val_00037682.JPEG
00602, ILSVRC2012_val_00001827.JPEG
00603, ILSVRC2012_val_00033463.JPEG
00604, ILSVRC2012_val_00044178.JPEG
00605, ILSVRC2012_val_00045131.JPEG
00606, ILSVRC2012_val_00000910.JPEG
00607, ILSVRC2012_val_00039391.JPEG
00608, ILSVRC2012_val_00048648.JPEG
00609, ILSVRC2012_val_00019410.JPEG
00610, ILSVRC2012_val_00025275.JPEG
00611, ILSVRC2012_val_00023694.JPEG
00612, ILSVRC2012_val_00019836.JPEG
00613, ILSVRC2012_val_00021732.JPEG
00614, ILSVRC2012_val_00026587.JPEG
00615, ILSVRC2012_val_00016221.JPEG
00616, ILSVRC2012_val_00049916.JPEG
00617, ILSVRC2012_val_00038063.JPEG
00618, ILSVRC2012_val_00002347.JPEG
00619, ILSVRC2012_val_00030334.JPEG
00620, ILSVRC2012_val_00007373.JPEG
00621, ILSVRC2012_val_00021670.JPEG
00622, ILSVRC2012_val_00036313.JPEG
00623, ILSVRC2012_val_00024027.JPEG
00624, ILSVRC2012_val_00027584.JPEG
00625, ILSVRC2012_val_00009001.JPEG
00626, ILSVRC2012_val_00041936.JPEG
00627, ILSVRC2012_val_00009022.JPEG
00628, ILSVRC2012_val_00002661.JPEG
00629, ILSVRC2012_val_00009386.JPEG
00630, ILSVRC2012_val_00009868.JPEG
00631, ILSVRC2012_val_00036956.JPEG
00632, ILSVRC2012_val_00016702.JPEG
00633, ILSVRC2012_val_00031152.JPEG
00634, ILSVRC2012_val_00011010.JPEG
00635, ILSVRC2012_val_00026009.JPEG
00636, ILSVRC2012_val_00001638.JPEG
00637, ILSVRC2012_val_00002203.JPEG
00638, ILSVRC2012_val_00007816.JPEG
00639, ILSVRC2012_val_00016749.JPEG
00640, ILSVRC2012_val_00027367.JPEG
00641, ILSVRC2012_val_00047710.JPEG
00642, ILSVRC2012_val_00011017.JPEG
00643, ILSVRC2012_val_00032913.JPEG
00644, ILSVRC2012_val_00041722.JPEG
00645, ILSVRC2012_val_00012536.JPEG
00646, ILSVRC2012_val_00013018.JPEG
00647, ILSVRC2012_val_00018274.JPEG
00648, ILSVRC2012_val_00031901.JPEG
00649, ILSVRC2012_val_00008924.JPEG
00650, ILSVRC2012_val_00019164.JPEG
00651, ILSVRC2012_val_00034707.JPEG
00652, ILSVRC2012_val_00030032.JPEG
00653, ILSVRC2012_val_00044392.JPEG
00654, ILSVRC2012_val_00027157.JPEG
00655, ILSVRC2012_val_00014221.JPEG
00656, ILSVRC2012_val_00042351.JPEG
00657, ILSVRC2012_val_00042034.JPEG
00658, ILSVRC2012_val_00024804.JPEG
00659, ILSVRC2012_val_00011309.JPEG
00660, ILSVRC2012_val_00009264.JPEG
00661, ILSVRC2012_val_00013826.JPEG
00662, ILSVRC2012_val_00028466.JPEG
00663, ILSVRC2012_val_00024251.JPEG
00664, ILSVRC2012_val_00049172.JPEG
00665, ILSVRC2012_val_00049818.JPEG
00666, ILSVRC2012_val_00037911.JPEG
00667, ILSVRC2012_val_00026799.JPEG
00668, ILSVRC2012_val_00047098.JPEG
00669, ILSVRC2012_val_00005843.JPEG
00670, ILSVRC2012_val_00030174.JPEG
00671, ILSVRC2012_val_00001661.JPEG
00672, ILSVRC2012_val_00032531.JPEG
00673, ILSVRC2012_val_00039149.JPEG
00674, ILSVRC2012_val_00018002.JPEG
00675, ILSVRC2012_val_00027298.JPEG
00676, ILSVRC2012_val_00013486.JPEG
00677, ILSVRC2012_val_00002500.JPEG
00678, ILSVRC2012_val_00027572.JPEG
00679, ILSVRC2012_val_00027342.JPEG
00680, ILSVRC2012_val_00046322.JPEG
00681, ILSVRC2012_val_00024777.JPEG
00682, ILSVRC2012_val_00031825.JPEG
00683, ILSVRC2012_val_00026306.JPEG
00684, ILSVRC2012_val_00031148.JPEG
00685, ILSVRC2012_val_00001380.JPEG
00686, ILSVRC2012_val_00028014.JPEG
00687, ILSVRC2012_val_00010816.JPEG
00688, ILSVRC2012_val_00029074.JPEG
00689, ILSVRC2012_val_00009526.JPEG
00690, ILSVRC2012_val_00048912.JPEG
00691, ILSVRC2012_val_00041244.JPEG
00692, ILSVRC2012_val_00027639.JPEG
00693, ILSVRC2012_val_00008700.JPEG
00694, ILSVRC2012_val_00020720.JPEG
00695, ILSVRC2012_val_00002716.JPEG
00696, ILSVRC2012_val_00026670.JPEG
00697, ILSVRC2012_val_00040480.JPEG
00698, ILSVRC2012_val_00042265.JPEG
00699, ILSVRC2012_val_00006391.JPEG
00700, ILSVRC2012_val_00009790.JPEG
00701, ILSVRC2012_val_00011324.JPEG
00702, ILSVRC2012_val_00048531.JPEG
00703, ILSVRC2012_val_00012464.JPEG
00704, ILSVRC2012_val_00018258.JPEG
00705, ILSVRC2012_val_00018861.JPEG
00706, ILSVRC2012_val_00003941.JPEG
00707, ILSVRC2012_val_00012227.JPEG
00708, ILSVRC2012_val_00045458.JPEG
00709, ILSVRC2012_val_00029339.JPEG
00710, ILSVRC2012_val_00008499.JPEG
00711, ILSVRC2012_val_00001754.JPEG
00712, ILSVRC2012_val_00000656.JPEG
00713, ILSVRC2012_val_00013830.JPEG
00714, ILSVRC2012_val_00045977.JPEG
00715, ILSVRC2012_val_00002912.JPEG
00716, ILSVRC2012_val_00042948.JPEG
00717, ILSVRC2012_val_00026922.JPEG
00718, ILSVRC2012_val_00042285.JPEG
00719, ILSVRC2012_val_00049380.JPEG
00720, ILSVRC2012_val_00039122.JPEG
00721, ILSVRC2012_val_00023366.JPEG
00722, ILSVRC2012_val_00022625.JPEG
00723, ILSVRC2012_val_00027748.JPEG
00724, ILSVRC2012_val_00045572.JPEG
00725, ILSVRC2012_val_00025049.JPEG
00726, ILSVRC2012_val_00037962.JPEG
00727, ILSVRC2012_val_00025843.JPEG
00728, ILSVRC2012_val_00036707.JPEG
00729, ILSVRC2012_val_00020253.JPEG
00730, ILSVRC2012_val_00000968.JPEG
00731, ILSVRC2012_val_00048793.JPEG
00732, ILSVRC2012_val_00039500.JPEG
00733, ILSVRC2012_val_00043573.JPEG
00734, ILSVRC2012_val_00035221.JPEG
00735, ILSVRC2012_val_00029677.JPEG
00736, ILSVRC2012_val_00025625.JPEG
00737, ILSVRC2012_val_00033968.JPEG
00738, ILSVRC2012_val_00006804.JPEG
00739, ILSVRC2012_val_00044105.JPEG
00740, ILSVRC2012_val_00021444.JPEG
00741, ILSVRC2012_val_00031327.JPEG
00742, ILSVRC2012_val_00032968.JPEG
00743, ILSVRC2012_val_00033648.JPEG
00744, ILSVRC2012_val_00030783.JPEG
00745, ILSVRC2012_val_00002236.JPEG
00746, ILSVRC2012_val_00044487.JPEG
00747, ILSVRC2012_val_00041453.JPEG
00748, ILSVRC2012_val_00047620.JPEG
00749, ILSVRC2012_val_00015890.JPEG
00750, ILSVRC2012_val_00035641.JPEG
00751, ILSVRC2012_val_00019285.JPEG
00752, ILSVRC2012_val_00013012.JPEG
00753, ILSVRC2012_val_00009437.JPEG
00754, ILSVRC2012_val_00047018.JPEG
00755, ILSVRC2012_val_00021724.JPEG
00756, ILSVRC2012_val_00001394.JPEG
00757, ILSVRC2012_val_00048998.JPEG
00758, ILSVRC2012_val_00010458.JPEG
00759, ILSVRC2012_val_00032853.JPEG
00760, ILSVRC2012_val_00005541.JPEG
00761, ILSVRC2012_val_00040666.JPEG
00762, ILSVRC2012_val_00043286.JPEG
00763, ILSVRC2012_val_00026654.JPEG
00764, ILSVRC2012_val_00033991.JPEG
00765, ILSVRC2012_val_00017053.JPEG
00766, ILSVRC2012_val_00004125.JPEG
00767, ILSVRC2012_val_00039841.JPEG
00768, ILSVRC2012_val_00019387.JPEG
00769, ILSVRC2012_val_00017428.JPEG
00770, ILSVRC2012_val_00019670.JPEG
00771, ILSVRC2012_val_00041875.JPEG
00772, ILSVRC2012_val_00020995.JPEG
00773, ILSVRC2012_val_00002342.JPEG
00774, ILSVRC2012_val_00029389.JPEG
00775, ILSVRC2012_val_00028859.JPEG
00776, ILSVRC2012_val_00036922.JPEG
00777, ILSVRC2012_val_00003236.JPEG
00778, ILSVRC2012_val_00035230.JPEG
00779, ILSVRC2012_val_00028711.JPEG
00780, ILSVRC2012_val_00009142.JPEG
00781, ILSVRC2012_val_00036427.JPEG
00782, ILSVRC2012_val_00010831.JPEG
00783, ILSVRC2012_val_00014344.JPEG
00784, ILSVRC2012_val_00048020.JPEG
00785, ILSVRC2012_val_00004862.JPEG
00786, ILSVRC2012_val_00023109.JPEG
00787, ILSVRC2012_val_00023309.JPEG
00788, ILSVRC2012_val_00000455.JPEG
00789, ILSVRC2012_val_00025794.JPEG
00790, ILSVRC2012_val_00007861.JPEG
00791, ILSVRC2012_val_00001316.JPEG
00792, ILSVRC2012_val_00035208.JPEG
00793, ILSVRC2012_val_00022707.JPEG
00794, ILSVRC2012_val_00013908.JPEG
00795, ILSVRC2012_val_00029671.JPEG
00796, ILSVRC2012_val_00033171.JPEG
00797, ILSVRC2012_val_00030152.JPEG
00798, ILSVRC2012_val_00022477.JPEG
00799, ILSVRC2012_val_00011546.JPEG
00800, ILSVRC2012_val_00017131.JPEG
00801, ILSVRC2012_val_00027861.JPEG
00802, ILSVRC2012_val_00029893.JPEG
00803, ILSVRC2012_val_00027764.JPEG
00804, ILSVRC2012_val_00010748.JPEG
00805, ILSVRC2012_val_00026358.JPEG
00806, ILSVRC2012_val_00039845.JPEG
00807, ILSVRC2012_val_00015473.JPEG
00808, ILSVRC2012_val_00045907.JPEG
00809, ILSVRC2012_val_00043587.JPEG
00810, ILSVRC2012_val_00029588.JPEG
00811, ILSVRC2012_val_00046781.JPEG
00812, ILSVRC2012_val_00033013.JPEG
00813, ILSVRC2012_val_00027279.JPEG
00814, ILSVRC2012_val_00019970.JPEG
00815, ILSVRC2012_val_00007259.JPEG
00816, ILSVRC2012_val_00017098.JPEG
00817, ILSVRC2012_val_00035603.JPEG
00818, ILSVRC2012_val_00047625.JPEG
00819, ILSVRC2012_val_00032945.JPEG
00820, ILSVRC2012_val_00007826.JPEG
00821, ILSVRC2012_val_00008764.JPEG
00822, ILSVRC2012_val_00017859.JPEG
00823, ILSVRC2012_val_00024810.JPEG
00824, ILSVRC2012_val_00022281.JPEG
00825, ILSVRC2012_val_00005047.JPEG
00826, ILSVRC2012_val_00035635.JPEG
00827, ILSVRC2012_val_00047861.JPEG
00828, ILSVRC2012_val_00045449.JPEG
00829, ILSVRC2012_val_00017135.JPEG
00830, ILSVRC2012_val_00006309.JPEG
00831, ILSVRC2012_val_00030425.JPEG
00832, ILSVRC2012_val_00022823.JPEG
00833, ILSVRC2012_val_00046371.JPEG
00834, ILSVRC2012_val_00022620.JPEG
00835, ILSVRC2012_val_00013886.JPEG
00836, ILSVRC2012_val_00043739.JPEG
00837, ILSVRC2012_val_00019127.JPEG
00838, ILSVRC2012_val_00031584.JPEG
00839, ILSVRC2012_val_00036570.JPEG
00840, ILSVRC2012_val_00038364.JPEG
00841, ILSVRC2012_val_00049185.JPEG
00842, ILSVRC2012_val_00030235.JPEG
00843, ILSVRC2012_val_00049797.JPEG
00844, ILSVRC2012_val_00027671.JPEG
00845, ILSVRC2012_val_00041555.JPEG
00846, ILSVRC2012_val_00026919.JPEG
00847, ILSVRC2012_val_00028659.JPEG
00848, ILSVRC2012_val_00007718.JPEG
00849, ILSVRC2012_val_00022012.JPEG
00850, ILSVRC2012_val_00004769.JPEG
00851, ILSVRC2012_val_00031193.JPEG
00852, ILSVRC2012_val_00011318.JPEG
00853, ILSVRC2012_val_00045330.JPEG
00854, ILSVRC2012_val_00033774.JPEG
00855, ILSVRC2012_val_00032028.JPEG
00856, ILSVRC2012_val_00038305.JPEG
00857, ILSVRC2012_val_00012217.JPEG
00858, ILSVRC2012_val_00004121.JPEG
00859, ILSVRC2012_val_00019534.JPEG
00860, ILSVRC2012_val_00001820.JPEG
00861, ILSVRC2012_val_00021246.JPEG
00862, ILSVRC2012_val_00008917.JPEG
00863, ILSVRC2012_val_00039521.JPEG
00864, ILSVRC2012_val_00031782.JPEG
00865, ILSVRC2012_val_00041317.JPEG
00866, ILSVRC2012_val_00020921.JPEG
00867, ILSVRC2012_val_00001797.JPEG
00868, ILSVRC2012_val_00040453.JPEG
00869, ILSVRC2012_val_00004331.JPEG
00870, ILSVRC2012_val_00007936.JPEG
00871, ILSVRC2012_val_00027411.JPEG
00872, ILSVRC2012_val_00043853.JPEG
00873, ILSVRC2012_val_00028357.JPEG
00874, ILSVRC2012_val_00000795.JPEG
00875, ILSVRC2012_val_00016735.JPEG
00876, ILSVRC2012_val_00037884.JPEG
00877, ILSVRC2012_val_00040016.JPEG
00878, ILSVRC2012_val_00044924.JPEG
00879, ILSVRC2012_val_00041545.JPEG
00880, ILSVRC2012_val_00028714.JPEG
00881, ILSVRC2012_val_00006958.JPEG
00882, ILSVRC2012_val_00019601.JPEG
00883, ILSVRC2012_val_00031654.JPEG
00884, ILSVRC2012_val_00029686.JPEG
00885, ILSVRC2012_val_00035435.JPEG
00886, ILSVRC2012_val_00045040.JPEG
00887, ILSVRC2012_val_00000036.JPEG
00888, ILSVRC2012_val_00009733.JPEG
00889, ILSVRC2012_val_00008690.JPEG
00890, ILSVRC2012_val_00025623.JPEG
00891, ILSVRC2012_val_00011944.JPEG
00892, ILSVRC2012_val_00024764.JPEG
00893, ILSVRC2012_val_00007169.JPEG
00894, ILSVRC2012_val_00029049.JPEG
00895, ILSVRC2012_val_00038939.JPEG
00896, ILSVRC2012_val_00034191.JPEG
00897, ILSVRC2012_val_00000280.JPEG
00898, ILSVRC2012_val_00012968.JPEG
00899, ILSVRC2012_val_00031871.JPEG
00900, ILSVRC2012_val_00035874.JPEG
00901, ILSVRC2012_val_00031933.JPEG
00902, ILSVRC2012_val_00044828.JPEG
00903, ILSVRC2012_val_00012244.JPEG
00904, ILSVRC2012_val_00048218.JPEG
00905, ILSVRC2012_val_00041315.JPEG
00906, ILSVRC2012_val_00043770.JPEG
00907, ILSVRC2012_val_00032225.JPEG
00908, ILSVRC2012_val_00019965.JPEG
00909, ILSVRC2012_val_00046031.JPEG
00910, ILSVRC2012_val_00047958.JPEG
00911, ILSVRC2012_val_00047175.JPEG
00912, ILSVRC2012_val_00034678.JPEG
00913, ILSVRC2012_val_00001034.JPEG
00914, ILSVRC2012_val_00025780.JPEG
00915, ILSVRC2012_val_00016863.JPEG
00916, ILSVRC2012_val_00027509.JPEG
00917, ILSVRC2012_val_00000985.JPEG
00918, ILSVRC2012_val_00004799.JPEG
00919, ILSVRC2012_val_00006637.JPEG
00920, ILSVRC2012_val_00036312.JPEG
00921, ILSVRC2012_val_00003313.JPEG
00922, ILSVRC2012_val_00027115.JPEG
00923, ILSVRC2012_val_00042408.JPEG
00924, ILSVRC2012_val_00013427.JPEG
00925, ILSVRC2012_val_00020503.JPEG
00926, ILSVRC2012_val_00017723.JPEG
00927, ILSVRC2012_val_00026272.JPEG
00928, ILSVRC2012_val_00004495.JPEG
00929, ILSVRC2012_val_00003471.JPEG
00930, ILSVRC2012_val_00048399.JPEG
00931, ILSVRC2012_val_00024953.JPEG
00932, ILSVRC2012_val_00028624.JPEG
00933, ILSVRC2012_val_00038724.JPEG
00934, ILSVRC2012_val_00038387.JPEG
00935, ILSVRC2012_val_00029844.JPEG
00936, ILSVRC2012_val_00002983.JPEG
00937, ILSVRC2012_val_00035639.JPEG
00938, ILSVRC2012_val_00035394.JPEG
00939, ILSVRC2012_val_00032041.JPEG
00940, ILSVRC2012_val_00026745.JPEG
00941, ILSVRC2012_val_00038017.JPEG
00942, ILSVRC2012_val_00013254.JPEG
00943, ILSVRC2012_val_00030797.JPEG
00944, ILSVRC2012_val_00012744.JPEG
00945, ILSVRC2012_val_00048089.JPEG
00946, ILSVRC2012_val_00008881.JPEG
00947, ILSVRC2012_val_00008720.JPEG
00948, ILSVRC2012_val_00016141.JPEG
00949, ILSVRC2012_val_00005757.JPEG
00950, ILSVRC2012_val_00002915.JPEG
00951, ILSVRC2012_val_00018338.JPEG
00952, ILSVRC2012_val_00042121.JPEG
00953, ILSVRC2012_val_00012582.JPEG
00954, ILSVRC2012_val_00031641.JPEG
00955, ILSVRC2012_val_00037665.JPEG
00956, ILSVRC2012_val_00038384.JPEG
00957, ILSVRC2012_val_00012753.JPEG
00958, ILSVRC2012_val_00044239.JPEG
00959, ILSVRC2012_val_00044528.JPEG
00960, ILSVRC2012_val_00007824.JPEG
00961, ILSVRC2012_val_00044608.JPEG
00962, ILSVRC2012_val_00042577.JPEG
00963, ILSVRC2012_val_00001653.JPEG
00964, ILSVRC2012_val_00040684.JPEG
00965, ILSVRC2012_val_00001822.JPEG
00966, ILSVRC2012_val_00016904.JPEG
00967, ILSVRC2012_val_00048586.JPEG
00968, ILSVRC2012_val_00002369.JPEG
00969, ILSVRC2012_val_00017402.JPEG
00970, ILSVRC2012_val_00039670.JPEG
00971, ILSVRC2012_val_00031494.JPEG
00972, ILSVRC2012_val_00048166.JPEG
00973, ILSVRC2012_val_00015661.JPEG
00974, ILSVRC2012_val_00043251.JPEG
00975, ILSVRC2012_val_00048462.JPEG
00976, ILSVRC2012_val_00014633.JPEG
00977, ILSVRC2012_val_00025746.JPEG
00978, ILSVRC2012_val_00027755.JPEG
00979, ILSVRC2012_val_00043651.JPEG
00980, ILSVRC2012_val_00030382.JPEG
00981, ILSVRC2012_val_00045226.JPEG
00982, ILSVRC2012_val_00036954.JPEG
00983, ILSVRC2012_val_00046799.JPEG
00984, ILSVRC2012_val_00014299.JPEG
00985, ILSVRC2012_val_00045476.JPEG
00986, ILSVRC2012_val_00009516.JPEG
00987, ILSVRC2012_val_00007467.JPEG
00988, ILSVRC2012_val_00029915.JPEG
00989, ILSVRC2012_val_00034899.JPEG
00990, ILSVRC2012_val_00003288.JPEG
00991, ILSVRC2012_val_00009407.JPEG
00992, ILSVRC2012_val_00012458.JPEG
00993, ILSVRC2012_val_00002348.JPEG
00994, ILSVRC2012_val_00041673.JPEG
00995, ILSVRC2012_val_00041345.JPEG
00996, ILSVRC2012_val_00018785.JPEG
00997, ILSVRC2012_val_00025648.JPEG
00998, ILSVRC2012_val_00000412.JPEG
00999, ILSVRC2012_val_00019558.JPEG
